{
  "210": 0,
  "211": 1,
  "212": 1,
  "213": 1,
  "214": 1,
  "215": 1,
  "216": 1,
  "217": 1,
  "218": 1,
  "219": 1,
  "220": 1,
  "221": 1,
  "222": 2,
  "223": 2,
  "224": 2,
  "225": 2,
  "226": 2,
  "227": 2,
  "228": 2,
  "229": 2,
  "230": 2,
  "231": 2,
  "232": 3,
  "233": 3,
  "234": 3,
  "235": 3,
  "236": 3,
  "237": 3,
  "238": 3,
  "239": 3,
  "240": 3,
  "241": 4,
  "242": 4,
  "243": 4,
  "244": 4,
  "245": 4,
  "246": 4,
  "247": 4,
  "248": 4,
  "249": 4,
  "250": 5,
  "251": 5,
  "252": 5,
  "253": 5,
  "254": 5,
  "255": 5,
  "256": 5,
  "257": 5,
  "258": 5,
  "259": 6,
  "260": 6,
  "261": 6,
  "262": 6,
  "263": 6,
  "264": 6,
  "265": 6,
  "266": 6,
  "267": 7,
  "268": 7,
  "269": 7,
  "270": 7,
  "271": 7,
  "272": 7,
  "273": 7,
  "274": 7,
  "275": 7,
  "276": 8,
  "277": 8,
  "278": 8,
  "279": 8,
  "280": 8,
  "281": 8,
  "282": 8,
  "283": 8,
  "284": 9,
  "285": 9,
  "286": 9,
  "287": 9,
  "288": 9,
  "289": 9,
  "290": 9,
  "291": 9,
  "292": 10,
  "293": 10,
  "294": 10,
  "295": 10,
  "296": 10,
  "297": 10,
  "298": 10,
  "299": 10,
  "300": 11,
  "301": 11,
  "302": 11,
  "303": 11,
  "304": 11,
  "305": 11,
  "306": 11,
  "307": 11,
  "308": 12,
  "309": 12,
  "310": 12,
  "311": 12,
  "312": 12,
  "313": 12,
  "314": 12,
  "315": 12,
  "316": 13,
  "317": 13,
  "318": 13,
  "319": 13,
  "320": 13,
  "321": 13,
  "322": 13,
  "323": 13,
  "324": 14,
  "325": 14,
  "326": 14,
  "327": 14,
  "328": 14,
  "329": 14,
  "330": 14,
  "331": 14,
  "332": 15,
  "333": 15,
  "334": 15,
  "335": 15,
  "336": 15,
  "337": 15,
  "338": 15,
  "339": 15,
  "340": 16,
  "341": 16,
  "342": 16,
  "343": 16,
  "344": 16,
  "345": 16,
  "346": 16,
  "347": 16,
  "348": 17,
  "349": 17,
  "350": 17,
  "351": 17,
  "352": 17,
  "353": 17,
  "354": 17,
  "355": 17,
  "356": 18,
  "357": 18,
  "358": 18,
  "359": 18,
  "360": 18,
  "361": 18,
  "362": 18,
  "363": 18,
  "364": 19,
  "365": 19,
  "366": 19,
  "367": 19,
  "368": 19,
  "369": 19,
  "370": 19,
  "371": 19,
  "372": 20,
  "373": 20,
  "374": 20,
  "375": 20,
  "376": 20,
  "377": 20,
  "378": 20,
  "379": 20,
  "380": 20,
  "381": 21,
  "382": 21,
  "383": 21,
  "384": 21,
  "385": 21,
  "386": 21,
  "387": 21,
  "388": 21,
  "389": 22,
  "390": 22,
  "391": 22,
  "392": 22,
  "393": 22,
  "394": 22,
  "395": 22,
  "396": 22,
  "397": 22,
  "398": 23,
  "399": 23,
  "400": 23,
  "401": 23,
  "402": 23,
  "403": 23,
  "404": 23,
  "405": 23,
  "406": 24,
  "407": 24,
  "408": 24,
  "409": 24,
  "410": 24,
  "411": 24,
  "412": 24,
  "413": 24,
  "414": 24,
  "415": 25,
  "416": 25,
  "417": 25,
  "418": 25,
  "419": 25,
  "420": 25,
  "421": 25,
  "422": 25,
  "423": 26,
  "424": 26,
  "425": 26,
  "426": 26,
  "427": 26,
  "428": 26,
  "429": 26,
  "430": 26,
  "431": 26,
  "432": 27,
  "433": 27,
  "434": 27,
  "435": 27,
  "436": 27,
  "437": 27,
  "438": 27,
  "439": 27,
  "440": 27,
  "441": 28,
  "442": 28,
  "443": 28,
  "444": 28,
  "445": 28,
  "446": 28,
  "447": 28,
  "448": 28,
  "449": 28,
  "450": 29,
  "451": 29,
  "452": 29,
  "453": 29,
  "454": 29,
  "455": 29,
  "456": 29,
  "457": 29,
  "458": 30,
  "459": 30,
  "460": 30,
  "461": 30,
  "462": 30,
  "463": 30,
  "464": 30,
  "465": 30,
  "466": 30,
  "467": 31,
  "468": 31,
  "469": 31,
  "470": 31,
  "471": 31,
  "472": 31,
  "473": 31,
  "474": 31,
  "475": 31,
  "476": 32,
  "477": 32,
  "478": 32,
  "479": 32,
  "480": 32,
  "481": 32,
  "482": 32,
  "483": 32,
  "484": 32,
  "485": 33,
  "486": 33,
  "487": 33,
  "488": 33,
  "489": 33,
  "490": 33,
  "491": 33,
  "492": 33,
  "493": 33,
  "494": 34,
  "495": 34,
  "496": 34,
  "497": 34,
  "498": 34,
  "499": 34,
  "500": 34,
  "501": 34,
  "502": 34,
  "503": 35,
  "504": 35,
  "505": 35,
  "506": 35,
  "507": 35,
  "508": 35,
  "509": 35,
  "510": 35,
  "511": 36,
  "512": 36,
  "513": 36,
  "514": 36,
  "515": 36,
  "516": 36,
  "517": 36,
  "518": 36,
  "519": 36,
  "520": 37,
  "521": 37,
  "522": 37,
  "523": 37,
  "524": 37,
  "525": 37,
  "526": 37,
  "527": 37,
  "528": 37,
  "529": 38,
  "530": 38,
  "531": 38,
  "532": 38,
  "533": 38,
  "534": 38,
  "535": 38,
  "536": 38,
  "537": 38,
  "538": 39,
  "539": 39,
  "540": 39,
  "541": 39,
  "542": 39,
  "543": 39,
  "544": 39,
  "545": 39,
  "546": 40,
  "547": 40,
  "548": 40,
  "549": 40,
  "550": 40,
  "551": 40,
  "552": 40,
  "553": 40,
  "554": 40,
  "555": 41,
  "556": 41,
  "557": 41,
  "558": 41,
  "559": 41,
  "560": 41,
  "561": 41,
  "562": 41,
  "563": 41,
  "564": 42,
  "565": 42,
  "566": 42,
  "567": 42,
  "568": 42,
  "569": 42,
  "570": 42,
  "571": 42,
  "572": 43,
  "573": 43,
  "574": 43,
  "575": 43,
  "576": 43,
  "577": 43,
  "578": 43,
  "579": 43,
  "580": 43,
  "581": 44,
  "582": 44,
  "583": 44,
  "584": 44,
  "585": 44,
  "586": 44,
  "587": 44,
  "588": 44,
  "589": 45,
  "590": 45,
  "591": 45,
  "592": 45,
  "593": 45,
  "594": 45,
  "595": 45,
  "596": 45,
  "597": 45,
  "598": 46,
  "599": 46,
  "600": 46,
  "601": 46,
  "602": 46,
  "603": 46,
  "604": 46,
  "605": 46,
  "606": 47,
  "607": 47,
  "608": 47,
  "609": 47,
  "610": 47,
  "611": 47,
  "612": 47,
  "613": 47,
  "614": 47,
  "615": 48,
  "616": 48,
  "617": 48,
  "618": 48,
  "619": 48,
  "620": 48,
  "621": 48,
  "622": 48,
  "623": 49,
  "624": 49,
  "625": 49,
  "626": 49,
  "627": 49,
  "628": 49,
  "629": 49,
  "630": 49,
  "631": 50,
  "632": 50,
  "633": 50,
  "634": 50,
  "635": 50,
  "636": 50,
  "637": 50,
  "638": 50,
  "639": 51,
  "640": 51,
  "641": 51,
  "642": 51,
  "643": 51,
  "644": 51,
  "645": 51,
  "646": 52,
  "647": 52,
  "648": 52,
  "649": 52,
  "650": 52,
  "651": 52,
  "652": 52,
  "653": 52,
  "654": 53,
  "655": 53,
  "656": 53,
  "657": 53,
  "658": 53,
  "659": 53,
  "660": 53,
  "661": 54,
  "662": 54,
  "663": 54,
  "664": 54,
  "665": 54,
  "666": 54,
  "667": 55,
  "668": 55,
  "669": 55,
  "670": 55,
  "671": 55,
  "672": 55,
  "673": 55,
  "674": 56,
  "675": 56,
  "676": 56,
  "677": 56,
  "678": 56,
  "679": 56,
  "680": 57,
  "681": 57,
  "682": 57,
  "683": 57,
  "684": 57,
  "685": 57,
  "686": 58,
  "687": 58,
  "688": 58,
  "689": 58,
  "690": 58,
  "691": 59,
  "692": 59,
  "693": 59,
  "694": 59,
  "695": 59,
  "696": 60,
  "697": 60,
  "698": 60,
  "699": 60,
  "700": 60
}