{
  "F": {
    "210": 15,
    "211": 15,
    "212": 15,
    "213": 15,
    "214": 15,
    "215": 16,
    "216": 16,
    "217": 16,
    "218": 16,
    "219": 16,
    "220": 16,
    "221": 16,
    "222": 17,
    "223": 17,
    "224": 17,
    "225": 17,
    "226": 17,
    "227": 17,
    "228": 17,
    "229": 18,
    "230": 18,
    "231": 18,
    "232": 18,
    "233": 18,
    "234": 18,
    "235": 19,
    "236": 19,
    "237": 19,
    "238": 19,
    "239": 19,
    "240": 19,
    "241": 19,
    "242": 20,
    "243": 20,
    "244": 20,
    "245": 20,
    "246": 20,
    "247": 20,
    "248": 20,
    "249": 21,
    "250": 21,
    "251": 21,
    "252": 21,
    "253": 21,
    "254": 21,
    "255": 21,
    "256": 22,
    "257": 22,
    "258": 22,
    "259": 22,
    "260": 22,
    "261": 22,
    "262": 22,
    "263": 23,
    "264": 23,
    "265": 23,
    "266": 23,
    "267": 23,
    "268": 23,
    "269": 23,
    "270": 24,
    "271": 24,
    "272": 24,
    "273": 24,
    "274": 24,
    "275": 24,
    "276": 24,
    "277": 25,
    "278": 25,
    "279": 25,
    "280": 25,
    "281": 25,
    "282": 25,
    "283": 25,
    "284": 26,
    "285": 26,
    "286": 26,
    "287": 26,
    "288": 26,
    "289": 26,
    "290": 26,
    "291": 26,
    "292": 27,
    "293": 27,
    "294": 27,
    "295": 27,
    "296": 27,
    "297": 27,
    "298": 27,
    "299": 28,
    "300": 28,
    "301": 28,
    "302": 28,
    "303": 28,
    "304": 28,
    "305": 28,
    "306": 28,
    "307": 29,
    "308": 29,
    "309": 29,
    "310": 29,
    "311": 29,
    "312": 29,
    "313": 29,
    "314": 30,
    "315": 30,
    "316": 30,
    "317": 30,
    "318": 30,
    "319": 30,
    "320": 30,
    "321": 30,
    "322": 31,
    "323": 31,
    "324": 31,
    "325": 31,
    "326": 31,
    "327": 31,
    "328": 31,
    "329": 32,
    "330": 32,
    "331": 32,
    "332": 32,
    "333": 32,
    "334": 32,
    "335": 32,
    "336": 32,
    "337": 33,
    "338": 33,
    "339": 33,
    "340": 33,
    "341": 33,
    "342": 33,
    "343": 33,
    "344": 33,
    "345": 34,
    "346": 34,
    "347": 34,
    "348": 34,
    "349": 34,
    "350": 34,
    "351": 34,
    "352": 34,
    "353": 35,
    "354": 35,
    "355": 35,
    "356": 35,
    "357": 35,
    "358": 35,
    "359": 35,
    "360": 35,
    "361": 36,
    "362": 36,
    "363": 36,
    "364": 36,
    "365": 36,
    "366": 36,
    "367": 36,
    "368": 36,
    "369": 37,
    "370": 37,
    "371": 37,
    "372": 37,
    "373": 37,
    "374": 37,
    "375": 37,
    "376": 37,
    "377": 38,
    "378": 38,
    "379": 38,
    "380": 38,
    "381": 38,
    "382": 38,
    "383": 38,
    "384": 38,
    "385": 38,
    "386": 39,
    "387": 39,
    "388": 39,
    "389": 39,
    "390": 39,
    "391": 39,
    "392": 39,
    "393": 39,
    "394": 40,
    "395": 40,
    "396": 40,
    "397": 40,
    "398": 40,
    "399": 40,
    "400": 40,
    "401": 40,
    "402": 41,
    "403": 41,
    "404": 41,
    "405": 41,
    "406": 41,
    "407": 41,
    "408": 41,
    "409": 41,
    "410": 41,
    "411": 42,
    "412": 42,
    "413": 42,
    "414": 42,
    "415": 42,
    "416": 42,
    "417": 42,
    "418": 42,
    "419": 42,
    "420": 43,
    "421": 43,
    "422": 43,
    "423": 43,
    "424": 43,
    "425": 43,
    "426": 43,
    "427": 43,
    "428": 44,
    "429": 44,
    "430": 44,
    "431": 44,
    "432": 44,
    "433": 44,
    "434": 44,
    "435": 44,
    "436": 44,
    "437": 45,
    "438": 45,
    "439": 45,
    "440": 45,
    "441": 45,
    "442": 45,
    "443": 45,
    "444": 45,
    "445": 45,
    "446": 46,
    "447": 46,
    "448": 46,
    "449": 46,
    "450": 46,
    "451": 46,
    "452": 46,
    "453": 46,
    "454": 46,
    "455": 47,
    "456": 47,
    "457": 47,
    "458": 47,
    "459": 47,
    "460": 47,
    "461": 47,
    "462": 47,
    "463": 47,
    "464": 47,
    "465": 48,
    "466": 48,
    "467": 48,
    "468": 48,
    "469": 48,
    "470": 48,
    "471": 48,
    "472": 48,
    "473": 48,
    "474": 49,
    "475": 49,
    "476": 49,
    "477": 49,
    "478": 49,
    "479": 49,
    "480": 49,
    "481": 49,
    "482": 49,
    "483": 50,
    "484": 50,
    "485": 50,
    "486": 50,
    "487": 50,
    "488": 50,
    "489": 50,
    "490": 50,
    "491": 50,
    "492": 50,
    "493": 51,
    "494": 51,
    "495": 51,
    "496": 51,
    "497": 51,
    "498": 51,
    "499": 51,
    "500": 51,
    "501": 51,
    "502": 51,
    "503": 52,
    "504": 52,
    "505": 52,
    "506": 52,
    "507": 52,
    "508": 52,
    "509": 52,
    "510": 52,
    "511": 52,
    "512": 53,
    "513": 53,
    "514": 53,
    "515": 53,
    "516": 53,
    "517": 53,
    "518": 53,
    "519": 53,
    "520": 53,
    "521": 53,
    "522": 54,
    "523": 54,
    "524": 54,
    "525": 54,
    "526": 54,
    "527": 54,
    "528": 54,
    "529": 54,
    "530": 54,
    "531": 54,
    "532": 55,
    "533": 55,
    "534": 55,
    "535": 55,
    "536": 55,
    "537": 55,
    "538": 55,
    "539": 55,
    "540": 55,
    "541": 55,
    "542": 56,
    "543": 56,
    "544": 56,
    "545": 56,
    "546": 56,
    "547": 56,
    "548": 56,
    "549": 56,
    "550": 56,
    "551": 56,
    "552": 56,
    "553": 57,
    "554": 57,
    "555": 57,
    "556": 57,
    "557": 57,
    "558": 57,
    "559": 57,
    "560": 57,
    "561": 57,
    "562": 57,
    "563": 58,
    "564": 58,
    "565": 58,
    "566": 58,
    "567": 58,
    "568": 58,
    "569": 58,
    "570": 58,
    "571": 58,
    "572": 58,
    "573": 59,
    "574": 59,
    "575": 59,
    "576": 59,
    "577": 59,
    "578": 59,
    "579": 59,
    "580": 59,
    "581": 59,
    "582": 59,
    "583": 59,
    "584": 60,
    "585": 60,
    "586": 60,
    "587": 60,
    "588": 60,
    "589": 60,
    "590": 60,
    "591": 60,
    "592": 60,
    "593": 60,
    "594": 60,
    "595": 61,
    "596": 61,
    "597": 61,
    "598": 61,
    "599": 61,
    "600": 61,
    "601": 61,
    "602": 61,
    "603": 61,
    "604": 61,
    "605": 61,
    "606": 62,
    "607": 62,
    "608": 62,
    "609": 62,
    "610": 62,
    "611": 62,
    "612": 62,
    "613": 62,
    "614": 62,
    "615": 62,
    "616": 62,
    "617": 63,
    "618": 63,
    "619": 63,
    "620": 63,
    "621": 63,
    "622": 63,
    "623": 63,
    "624": 63,
    "625": 63,
    "626": 63,
    "627": 63,
    "628": 64,
    "629": 64,
    "630": 64,
    "631": 64,
    "632": 64,
    "633": 64,
    "634": 64,
    "635": 64,
    "636": 64,
    "637": 64,
    "638": 64,
    "639": 65,
    "640": 65,
    "641": 65,
    "642": 65,
    "643": 65,
    "644": 65,
    "645": 65,
    "646": 65,
    "647": 65,
    "648": 65,
    "649": 65,
    "650": 66,
    "651": 66,
    "652": 66,
    "653": 66,
    "654": 66,
    "655": 66,
    "656": 66,
    "657": 66,
    "658": 66,
    "659": 66,
    "660": 66,
    "661": 67,
    "662": 67,
    "663": 67,
    "664": 67,
    "665": 67,
    "666": 67,
    "667": 67,
    "668": 67,
    "669": 67,
    "670": 67,
    "671": 67,
    "672": 67,
    "673": 68,
    "674": 68,
    "675": 68,
    "676": 68,
    "677": 68,
    "678": 68,
    "679": 68,
    "680": 68,
    "681": 68,
    "682": 68,
    "683": 68,
    "684": 68,
    "685": 69,
    "686": 69,
    "687": 69,
    "688": 69,
    "689": 69,
    "690": 69,
    "691": 69,
    "692": 69,
    "693": 69,
    "694": 69,
    "695": 69,
    "696": 70,
    "697": 70,
    "698": 70,
    "699": 70,
    "700": 70,
    "701": 70,
    "702": 70,
    "703": 70,
    "704": 70,
    "705": 70,
    "706": 70,
    "707": 70,
    "708": 71,
    "709": 71,
    "710": 71,
    "711": 71,
    "712": 71,
    "713": 71,
    "714": 71,
    "715": 71,
    "716": 71,
    "717": 71,
    "718": 71,
    "719": 71,
    "720": 72,
    "721": 72,
    "722": 72,
    "723": 72,
    "724": 72,
    "725": 72,
    "726": 72,
    "727": 72,
    "728": 72,
    "729": 72,
    "730": 72,
    "731": 72,
    "732": 73,
    "733": 73,
    "734": 73,
    "735": 73,
    "736": 73,
    "737": 73,
    "738": 73,
    "739": 73,
    "740": 73,
    "741": 73,
    "742": 73,
    "743": 73,
    "744": 74,
    "745": 74,
    "746": 74,
    "747": 74,
    "748": 74,
    "749": 74,
    "750": 74,
    "751": 74,
    "752": 74,
    "753": 74,
    "754": 74,
    "755": 74,
    "756": 75,
    "757": 75,
    "758": 75,
    "759": 75,
    "760": 75,
    "761": 75,
    "762": 75,
    "763": 75,
    "764": 75,
    "765": 75,
    "766": 75,
    "767": 75,
    "768": 76,
    "769": 76,
    "770": 76,
    "771": 76,
    "772": 76,
    "773": 76,
    "774": 76,
    "775": 76,
    "776": 76,
    "777": 76,
    "778": 76,
    "779": 76,
    "780": 76,
    "781": 77,
    "782": 77,
    "783": 77,
    "784": 77,
    "785": 77,
    "786": 77,
    "787": 77,
    "788": 77,
    "789": 77,
    "790": 77,
    "791": 77,
    "792": 77,
    "793": 78,
    "794": 78,
    "795": 78,
    "796": 78,
    "797": 78,
    "798": 78,
    "799": 78,
    "800": 78,
    "801": 78,
    "802": 78,
    "803": 78,
    "804": 78,
    "805": 79,
    "806": 79,
    "807": 79,
    "808": 79,
    "809": 79,
    "810": 79,
    "811": 79,
    "812": 79,
    "813": 79,
    "814": 79,
    "815": 79,
    "816": 79,
    "817": 79,
    "818": 80,
    "819": 80,
    "820": 80,
    "821": 80,
    "822": 80,
    "823": 80,
    "824": 80,
    "825": 80,
    "826": 80,
    "827": 80,
    "828": 80,
    "829": 80,
    "830": 81,
    "831": 81,
    "832": 81,
    "833": 81,
    "834": 81,
    "835": 81,
    "836": 81,
    "837": 81,
    "838": 81,
    "839": 81,
    "840": 81,
    "841": 81,
    "842": 81,
    "843": 82,
    "844": 82,
    "845": 82,
    "846": 82,
    "847": 82,
    "848": 82,
    "849": 82,
    "850": 82,
    "851": 82,
    "852": 82,
    "853": 82,
    "854": 82,
    "855": 82,
    "856": 83,
    "857": 83,
    "858": 83,
    "859": 83,
    "860": 83,
    "861": 83,
    "862": 83,
    "863": 83,
    "864": 83,
    "865": 83,
    "866": 83,
    "867": 83,
    "868": 84,
    "869": 84,
    "870": 84,
    "871": 84,
    "872": 84,
    "873": 84,
    "874": 84,
    "875": 84,
    "876": 84,
    "877": 84,
    "878": 84,
    "879": 84,
    "880": 84,
    "881": 85,
    "882": 85,
    "883": 85,
    "884": 85,
    "885": 85,
    "886": 85,
    "887": 85,
    "888": 85,
    "889": 85,
    "890": 85,
    "891": 85,
    "892": 85,
    "893": 86,
    "894": 86,
    "895": 86,
    "896": 86,
    "897": 86,
    "898": 86,
    "899": 86,
    "900": 86,
    "901": 86,
    "902": 86,
    "903": 86,
    "904": 86,
    "905": 86,
    "906": 87,
    "907": 87,
    "908": 87,
    "909": 87,
    "910": 87,
    "911": 87,
    "912": 87,
    "913": 87,
    "914": 87,
    "915": 87,
    "916": 87,
    "917": 87,
    "918": 88,
    "919": 88,
    "920": 88,
    "921": 88,
    "922": 88,
    "923": 88,
    "924": 88,
    "925": 88,
    "926": 88,
    "927": 88,
    "928": 88,
    "929": 88,
    "930": 88,
    "931": 89,
    "932": 89,
    "933": 89,
    "934": 89,
    "935": 89,
    "936": 89,
    "937": 89,
    "938": 89,
    "939": 89,
    "940": 89,
    "941": 89,
    "942": 89,
    "943": 90,
    "944": 90,
    "945": 90,
    "946": 90,
    "947": 90,
    "948": 90,
    "949": 90,
    "950": 90,
    "951": 90,
    "952": 90,
    "953": 90,
    "954": 90,
    "955": 90,
    "956": 91,
    "957": 91,
    "958": 91,
    "959": 91,
    "960": 91,
    "961": 91,
    "962": 91,
    "963": 91,
    "964": 91,
    "965": 91,
    "966": 91,
    "967": 91,
    "968": 92,
    "969": 92,
    "970": 92,
    "971": 92,
    "972": 92,
    "973": 92,
    "974": 92,
    "975": 92,
    "976": 92,
    "977": 92,
    "978": 92,
    "979": 92,
    "980": 92,
    "981": 93,
    "982": 93,
    "983": 93,
    "984": 93,
    "985": 93,
    "986": 93,
    "987": 93,
    "988": 93,
    "989": 93,
    "990": 93,
    "991": 93,
    "992": 93,
    "993": 94,
    "994": 94,
    "995": 94,
    "996": 94,
    "997": 94,
    "998": 94,
    "999": 94,
    "1000": 94,
    "1001": 94,
    "1002": 94,
    "1003": 94,
    "1004": 94,
    "1005": 95,
    "1006": 95,
    "1007": 95,
    "1008": 95,
    "1009": 95,
    "1010": 95,
    "1011": 95,
    "1012": 95,
    "1013": 95,
    "1014": 95,
    "1015": 95,
    "1016": 95,
    "1017": 96,
    "1018": 96,
    "1019": 96,
    "1020": 96,
    "1021": 96,
    "1022": 96,
    "1023": 96,
    "1024": 96,
    "1025": 96,
    "1026": 96,
    "1027": 96,
    "1028": 96,
    "1029": 97,
    "1030": 97,
    "1031": 97,
    "1032": 97,
    "1033": 97,
    "1034": 97,
    "1035": 97,
    "1036": 97,
    "1037": 97,
    "1038": 97,
    "1039": 97,
    "1040": 97,
    "1041": 98,
    "1042": 98,
    "1043": 98,
    "1044": 98,
    "1045": 98,
    "1046": 98,
    "1047": 98,
    "1048": 98,
    "1049": 98,
    "1050": 98,
    "1051": 98,
    "1052": 98,
    "1053": 99,
    "1054": 99,
    "1055": 99,
    "1056": 99,
    "1057": 99,
    "1058": 99,
    "1059": 99,
    "1060": 99,
    "1061": 99,
    "1062": 99,
    "1063": 99,
    "1064": 99,
    "1065": 100,
    "1066": 100,
    "1067": 100,
    "1068": 100,
    "1069": 100,
    "1070": 100,
    "1071": 100,
    "1072": 100,
    "1073": 100,
    "1074": 100,
    "1075": 100,
    "1076": 100,
    "1077": 101,
    "1078": 101,
    "1079": 101,
    "1080": 101,
    "1081": 101,
    "1082": 101,
    "1083": 101,
    "1084": 101,
    "1085": 101,
    "1086": 101,
    "1087": 101,
    "1088": 102,
    "1089": 102,
    "1090": 102,
    "1091": 102,
    "1092": 102,
    "1093": 102,
    "1094": 102,
    "1095": 102,
    "1096": 102,
    "1097": 102,
    "1098": 102,
    "1099": 102,
    "1100": 103,
    "1101": 103,
    "1102": 103,
    "1103": 103,
    "1104": 103,
    "1105": 103,
    "1106": 103,
    "1107": 103,
    "1108": 103,
    "1109": 103,
    "1110": 103,
    "1111": 104,
    "1112": 104,
    "1113": 104,
    "1114": 104,
    "1115": 104,
    "1116": 104,
    "1117": 104,
    "1118": 104,
    "1119": 104,
    "1120": 104,
    "1121": 104,
    "1122": 104,
    "1123": 105,
    "1124": 105,
    "1125": 105,
    "1126": 105,
    "1127": 105,
    "1128": 105,
    "1129": 105,
    "1130": 105,
    "1131": 105,
    "1132": 105,
    "1133": 105,
    "1134": 106,
    "1135": 106,
    "1136": 106,
    "1137": 106,
    "1138": 106,
    "1139": 106,
    "1140": 106,
    "1141": 106,
    "1142": 106,
    "1143": 106,
    "1144": 106,
    "1145": 107,
    "1146": 107,
    "1147": 107,
    "1148": 107,
    "1149": 107,
    "1150": 107,
    "1151": 107,
    "1152": 107,
    "1153": 107,
    "1154": 107,
    "1155": 107,
    "1156": 108,
    "1157": 108,
    "1158": 108,
    "1159": 108,
    "1160": 108,
    "1161": 108,
    "1162": 108,
    "1163": 108,
    "1164": 108,
    "1165": 108,
    "1166": 108,
    "1167": 109,
    "1168": 109,
    "1169": 109,
    "1170": 109,
    "1171": 109,
    "1172": 109,
    "1173": 109,
    "1174": 109,
    "1175": 109,
    "1176": 109,
    "1177": 110,
    "1178": 110,
    "1179": 110,
    "1180": 110,
    "1181": 110,
    "1182": 110,
    "1183": 110,
    "1184": 110,
    "1185": 110,
    "1186": 110,
    "1187": 110,
    "1188": 111,
    "1189": 111,
    "1190": 111,
    "1191": 111,
    "1192": 111,
    "1193": 111,
    "1194": 111,
    "1195": 111,
    "1196": 111,
    "1197": 111,
    "1198": 112,
    "1199": 112,
    "1200": 112,
    "1201": 112,
    "1202": 112,
    "1203": 112,
    "1204": 112,
    "1205": 112,
    "1206": 112,
    "1207": 112,
    "1208": 112,
    "1209": 113,
    "1210": 113,
    "1211": 113,
    "1212": 113,
    "1213": 113,
    "1214": 113,
    "1215": 113,
    "1216": 113,
    "1217": 113,
    "1218": 113,
    "1219": 114,
    "1220": 114,
    "1221": 114,
    "1222": 114,
    "1223": 114,
    "1224": 114,
    "1225": 114,
    "1226": 114,
    "1227": 114,
    "1228": 114,
    "1229": 115,
    "1230": 115,
    "1231": 115,
    "1232": 115,
    "1233": 115,
    "1234": 115,
    "1235": 115,
    "1236": 115,
    "1237": 115,
    "1238": 115,
    "1239": 116,
    "1240": 116,
    "1241": 116,
    "1242": 116,
    "1243": 116,
    "1244": 116,
    "1245": 116,
    "1246": 116,
    "1247": 116,
    "1248": 116,
    "1249": 117,
    "1250": 117,
    "1251": 117,
    "1252": 117,
    "1253": 117,
    "1254": 117,
    "1255": 117,
    "1256": 117,
    "1257": 117,
    "1258": 117,
    "1259": 118,
    "1260": 118,
    "1261": 118,
    "1262": 118,
    "1263": 118,
    "1264": 118,
    "1265": 118,
    "1266": 118,
    "1267": 118,
    "1268": 119,
    "1269": 119,
    "1270": 119,
    "1271": 119,
    "1272": 119,
    "1273": 119,
    "1274": 119,
    "1275": 119,
    "1276": 119,
    "1277": 119,
    "1278": 120,
    "1279": 120,
    "1280": 120,
    "1281": 120,
    "1282": 120,
    "1283": 120,
    "1284": 120,
    "1285": 120,
    "1286": 120,
    "1287": 121,
    "1288": 121,
    "1289": 121,
    "1290": 121,
    "1291": 121,
    "1292": 121,
    "1293": 121,
    "1294": 121,
    "1295": 121,
    "1296": 121,
    "1297": 122,
    "1298": 122,
    "1299": 122,
    "1300": 122,
    "1301": 122,
    "1302": 122,
    "1303": 122,
    "1304": 122,
    "1305": 122,
    "1306": 123,
    "1307": 123,
    "1308": 123,
    "1309": 123,
    "1310": 123,
    "1311": 123,
    "1312": 123,
    "1313": 123,
    "1314": 123,
    "1315": 124,
    "1316": 124,
    "1317": 124,
    "1318": 124,
    "1319": 124,
    "1320": 124,
    "1321": 124,
    "1322": 124,
    "1323": 124,
    "1324": 125,
    "1325": 125,
    "1326": 125,
    "1327": 125,
    "1328": 125,
    "1329": 125,
    "1330": 125,
    "1331": 125,
    "1332": 125,
    "1333": 126,
    "1334": 126,
    "1335": 126,
    "1336": 126,
    "1337": 126,
    "1338": 126,
    "1339": 126,
    "1340": 126,
    "1341": 126,
    "1342": 127,
    "1343": 127,
    "1344": 127,
    "1345": 127,
    "1346": 127,
    "1347": 127,
    "1348": 127,
    "1349": 127,
    "1350": 128,
    "1351": 128,
    "1352": 128,
    "1353": 128,
    "1354": 128,
    "1355": 128,
    "1356": 128,
    "1357": 128,
    "1358": 128,
    "1359": 129,
    "1360": 129,
    "1361": 129,
    "1362": 129,
    "1363": 129,
    "1364": 129,
    "1365": 129,
    "1366": 129,
    "1367": 130,
    "1372": 130
  },
  "C": {
    "210": -10,
    "211": -9,
    "212": -9,
    "213": -9,
    "214": -9,
    "215": -9,
    "216": -9,
    "217": -9,
    "218": -9,
    "219": -9,
    "220": -9,
    "221": -9,
    "222": -9,
    "223": -8,
    "224": -8,
    "225": -8,
    "226": -8,
    "227": -8,
    "228": -8,
    "229": -8,
    "230": -8,
    "231": -8,
    "232": -8,
    "233": -8,
    "234": -8,
    "235": -7,
    "236": -7,
    "237": -7,
    "238": -7,
    "239": -7,
    "240": -7,
    "241": -7,
    "242": -7,
    "243": -7,
    "244": -7,
    "245": -7,
    "246": -7,
    "247": -7,
    "248": -6,
    "249": -6,
    "250": -6,
    "251": -6,
    "252": -6,
    "253": -6,
    "254": -6,
    "255": -6,
    "256": -6,
    "257": -6,
    "258": -6,
    "259": -6,
    "260": -5,
    "261": -5,
    "262": -5,
    "263": -5,
    "264": -5,
    "265": -5,
    "266": -5,
    "267": -5,
    "268": -5,
    "269": -5,
    "270": -5,
    "271": -5,
    "272": -5,
    "273": -4,
    "274": -4,
    "275": -4,
    "276": -4,
    "277": -4,
    "278": -4,
    "279": -4,
    "280": -4,
    "281": -4,
    "282": -4,
    "283": -4,
    "284": -4,
    "285": -4,
    "286": -3,
    "287": -3,
    "288": -3,
    "289": -3,
    "290": -3,
    "291": -3,
    "292": -3,
    "293": -3,
    "294": -3,
    "295": -3,
    "296": -3,
    "297": -3,
    "298": -3,
    "299": -2,
    "300": -2,
    "301": -2,
    "302": -2,
    "303": -2,
    "304": -2,
    "305": -2,
    "306": -2,
    "307": -2,
    "308": -2,
    "309": -2,
    "310": -2,
    "311": -2,
    "312": -2,
    "313": -1,
    "314": -1,
    "315": -1,
    "316": -1,
    "317": -1,
    "318": -1,
    "319": -1,
    "320": -1,
    "321": -1,
    "322": -1,
    "323": -1,
    "324": -1,
    "325": -1,
    "326": 0,
    "327": 0,
    "328": 0,
    "329": 0,
    "330": 0,
    "331": 0,
    "332": 0,
    "333": 0,
    "334": 0,
    "335": 0,
    "336": 0,
    "337": 0,
    "338": 0,
    "339": 0,
    "340": 1,
    "341": 1,
    "342": 1,
    "343": 1,
    "344": 1,
    "345": 1,
    "346": 1,
    "347": 1,
    "348": 1,
    "349": 1,
    "350": 1,
    "351": 1,
    "352": 1,
    "353": 1,
    "354": 2,
    "355": 2,
    "356": 2,
    "357": 2,
    "358": 2,
    "359": 2,
    "360": 2,
    "361": 2,
    "362": 2,
    "363": 2,
    "364": 2,
    "365": 2,
    "366": 2,
    "367": 2,
    "368": 2,
    "369": 3,
    "370": 3,
    "371": 3,
    "372": 3,
    "373": 3,
    "374": 3,
    "375": 3,
    "376": 3,
    "377": 3,
    "378": 3,
    "379": 3,
    "380": 3,
    "381": 3,
    "382": 3,
    "383": 3,
    "384": 4,
    "385": 4,
    "386": 4,
    "387": 4,
    "388": 4,
    "389": 4,
    "390": 4,
    "391": 4,
    "392": 4,
    "393": 4,
    "394": 4,
    "395": 4,
    "396": 4,
    "397": 4,
    "398": 4,
    "399": 5,
    "400": 5,
    "401": 5,
    "402": 5,
    "403": 5,
    "404": 5,
    "405": 5,
    "406": 5,
    "407": 5,
    "408": 5,
    "409": 5,
    "410": 5,
    "411": 5,
    "412": 5,
    "413": 5,
    "414": 6,
    "415": 6,
    "416": 6,
    "417": 6,
    "418": 6,
    "419": 6,
    "420": 6,
    "421": 6,
    "422": 6,
    "423": 6,
    "424": 6,
    "425": 6,
    "426": 6,
    "427": 6,
    "428": 6,
    "429": 6,
    "430": 7,
    "431": 7,
    "432": 7,
    "433": 7,
    "434": 7,
    "435": 7,
    "436": 7,
    "437": 7,
    "438": 7,
    "439": 7,
    "440": 7,
    "441": 7,
    "442": 7,
    "443": 7,
    "444": 7,
    "445": 7,
    "446": 8,
    "447": 8,
    "448": 8,
    "449": 8,
    "450": 8,
    "451": 8,
    "452": 8,
    "453": 8,
    "454": 8,
    "455": 8,
    "456": 8,
    "457": 8,
    "458": 8,
    "459": 8,
    "460": 8,
    "461": 8,
    "462": 8,
    "463": 9,
    "464": 9,
    "465": 9,
    "466": 9,
    "467": 9,
    "468": 9,
    "469": 9,
    "470": 9,
    "471": 9,
    "472": 9,
    "473": 9,
    "474": 9,
    "475": 9,
    "476": 9,
    "477": 9,
    "478": 9,
    "479": 9,
    "480": 10,
    "481": 10,
    "482": 10,
    "483": 10,
    "484": 10,
    "485": 10,
    "486": 10,
    "487": 10,
    "488": 10,
    "489": 10,
    "490": 10,
    "491": 10,
    "492": 10,
    "493": 10,
    "494": 10,
    "495": 10,
    "496": 10,
    "497": 11,
    "498": 11,
    "499": 11,
    "500": 11,
    "501": 11,
    "502": 11,
    "503": 11,
    "504": 11,
    "505": 11,
    "506": 11,
    "507": 11,
    "508": 11,
    "509": 11,
    "510": 11,
    "511": 11,
    "512": 11,
    "513": 11,
    "514": 12,
    "515": 12,
    "516": 12,
    "517": 12,
    "518": 12,
    "519": 12,
    "520": 12,
    "521": 12,
    "522": 12,
    "523": 12,
    "524": 12,
    "525": 12,
    "526": 12,
    "527": 12,
    "528": 12,
    "529": 12,
    "530": 12,
    "531": 12,
    "532": 13,
    "533": 13,
    "534": 13,
    "535": 13,
    "536": 13,
    "537": 13,
    "538": 13,
    "539": 13,
    "540": 13,
    "541": 13,
    "542": 13,
    "543": 13,
    "544": 13,
    "545": 13,
    "546": 13,
    "547": 13,
    "548": 13,
    "549": 13,
    "550": 13,
    "551": 14,
    "552": 14,
    "553": 14,
    "554": 14,
    "555": 14,
    "556": 14,
    "557": 14,
    "558": 14,
    "559": 14,
    "560": 14,
    "561": 14,
    "562": 14,
    "563": 14,
    "564": 14,
    "565": 14,
    "566": 14,
    "567": 14,
    "568": 14,
    "569": 15,
    "570": 15,
    "571": 15,
    "572": 15,
    "573": 15,
    "574": 15,
    "575": 15,
    "576": 15,
    "577": 15,
    "578": 15,
    "579": 15,
    "580": 15,
    "581": 15,
    "582": 15,
    "583": 15,
    "584": 15,
    "585": 15,
    "586": 15,
    "587": 15,
    "588": 16,
    "589": 16,
    "590": 16,
    "591": 16,
    "592": 16,
    "593": 16,
    "594": 16,
    "595": 16,
    "596": 16,
    "597": 16,
    "598": 16,
    "599": 16,
    "600": 16,
    "601": 16,
    "602": 16,
    "603": 16,
    "604": 16,
    "605": 16,
    "606": 16,
    "607": 16,
    "608": 17,
    "609": 17,
    "610": 17,
    "611": 17,
    "612": 17,
    "613": 17,
    "614": 17,
    "615": 17,
    "616": 17,
    "617": 17,
    "618": 17,
    "619": 17,
    "620": 17,
    "621": 17,
    "622": 17,
    "623": 17,
    "624": 17,
    "625": 17,
    "626": 17,
    "627": 17,
    "628": 18,
    "629": 18,
    "630": 18,
    "631": 18,
    "632": 18,
    "633": 18,
    "634": 18,
    "635": 18,
    "636": 18,
    "637": 18,
    "638": 18,
    "639": 18,
    "640": 18,
    "641": 18,
    "642": 18,
    "643": 18,
    "644": 18,
    "645": 18,
    "646": 18,
    "647": 18,
    "648": 19,
    "649": 19,
    "650": 19,
    "651": 19,
    "652": 19,
    "653": 19,
    "654": 19,
    "655": 19,
    "656": 19,
    "657": 19,
    "658": 19,
    "659": 19,
    "660": 19,
    "661": 19,
    "662": 19,
    "663": 19,
    "664": 19,
    "665": 19,
    "666": 19,
    "667": 19,
    "668": 20,
    "669": 20,
    "670": 20,
    "671": 20,
    "672": 20,
    "673": 20,
    "674": 20,
    "675": 20,
    "676": 20,
    "677": 20,
    "678": 20,
    "679": 20,
    "680": 20,
    "681": 20,
    "682": 20,
    "683": 20,
    "684": 20,
    "685": 20,
    "686": 20,
    "687": 20,
    "688": 20,
    "689": 21,
    "690": 21,
    "691": 21,
    "692": 21,
    "693": 21,
    "694": 21,
    "695": 21,
    "696": 21,
    "697": 21,
    "698": 21,
    "699": 21,
    "700": 21,
    "701": 21,
    "702": 21,
    "703": 21,
    "704": 21,
    "705": 21,
    "706": 21,
    "707": 21,
    "708": 21,
    "709": 21,
    "710": 22,
    "711": 22,
    "712": 22,
    "713": 22,
    "714": 22,
    "715": 22,
    "716": 22,
    "717": 22,
    "718": 22,
    "719": 22,
    "720": 22,
    "721": 22,
    "722": 22,
    "723": 22,
    "724": 22,
    "725": 22,
    "726": 22,
    "727": 22,
    "728": 22,
    "729": 22,
    "730": 22,
    "731": 22,
    "732": 23,
    "733": 23,
    "734": 23,
    "735": 23,
    "736": 23,
    "737": 23,
    "738": 23,
    "739": 23,
    "740": 23,
    "741": 23,
    "742": 23,
    "743": 23,
    "744": 23,
    "745": 23,
    "746": 23,
    "747": 23,
    "748": 23,
    "749": 23,
    "750": 23,
    "751": 23,
    "752": 23,
    "753": 23,
    "754": 24,
    "755": 24,
    "756": 24,
    "757": 24,
    "758": 24,
    "759": 24,
    "760": 24,
    "761": 24,
    "762": 24,
    "763": 24,
    "764": 24,
    "765": 24,
    "766": 24,
    "767": 24,
    "768": 24,
    "769": 24,
    "770": 24,
    "771": 24,
    "772": 24,
    "773": 24,
    "774": 24,
    "775": 24,
    "776": 25,
    "777": 25,
    "778": 25,
    "779": 25,
    "780": 25,
    "781": 25,
    "782": 25,
    "783": 25,
    "784": 25,
    "785": 25,
    "786": 25,
    "787": 25,
    "788": 25,
    "789": 25,
    "790": 25,
    "791": 25,
    "792": 25,
    "793": 25,
    "794": 25,
    "795": 25,
    "796": 25,
    "797": 25,
    "798": 26,
    "799": 26,
    "800": 26,
    "801": 26,
    "802": 26,
    "803": 26,
    "804": 26,
    "805": 26,
    "806": 26,
    "807": 26,
    "808": 26,
    "809": 26,
    "810": 26,
    "811": 26,
    "812": 26,
    "813": 26,
    "814": 26,
    "815": 26,
    "816": 26,
    "817": 26,
    "818": 26,
    "819": 26,
    "820": 27,
    "821": 27,
    "822": 27,
    "823": 27,
    "824": 27,
    "825": 27,
    "826": 27,
    "827": 27,
    "828": 27,
    "829": 27,
    "830": 27,
    "831": 27,
    "832": 27,
    "833": 27,
    "834": 27,
    "835": 27,
    "836": 27,
    "837": 27,
    "838": 27,
    "839": 27,
    "840": 27,
    "841": 27,
    "842": 27,
    "843": 28,
    "844": 28,
    "845": 28,
    "846": 28,
    "847": 28,
    "848": 28,
    "849": 28,
    "850": 28,
    "851": 28,
    "852": 28,
    "853": 28,
    "854": 28,
    "855": 28,
    "856": 28,
    "857": 28,
    "858": 28,
    "859": 28,
    "860": 28,
    "861": 28,
    "862": 28,
    "863": 28,
    "864": 28,
    "865": 28,
    "866": 29,
    "867": 29,
    "868": 29,
    "869": 29,
    "870": 29,
    "871": 29,
    "872": 29,
    "873": 29,
    "874": 29,
    "875": 29,
    "876": 29,
    "877": 29,
    "878": 29,
    "879": 29,
    "880": 29,
    "881": 29,
    "882": 29,
    "883": 29,
    "884": 29,
    "885": 29,
    "886": 29,
    "887": 29,
    "888": 30,
    "889": 30,
    "890": 30,
    "891": 30,
    "892": 30,
    "893": 30,
    "894": 30,
    "895": 30,
    "896": 30,
    "897": 30,
    "898": 30,
    "899": 30,
    "900": 30,
    "901": 30,
    "902": 30,
    "903": 30,
    "904": 30,
    "905": 30,
    "906": 30,
    "907": 30,
    "908": 30,
    "909": 30,
    "910": 30,
    "911": 31,
    "912": 31,
    "913": 31,
    "914": 31,
    "915": 31,
    "916": 31,
    "917": 31,
    "918": 31,
    "919": 31,
    "920": 31,
    "921": 31,
    "922": 31,
    "923": 31,
    "924": 31,
    "925": 31,
    "926": 31,
    "927": 31,
    "928": 31,
    "929": 31,
    "930": 31,
    "931": 31,
    "932": 31,
    "933": 32,
    "934": 32,
    "935": 32,
    "936": 32,
    "937": 32,
    "938": 32,
    "939": 32,
    "940": 32,
    "941": 32,
    "942": 32,
    "943": 32,
    "944": 32,
    "945": 32,
    "946": 32,
    "947": 32,
    "948": 32,
    "949": 32,
    "950": 32,
    "951": 32,
    "952": 32,
    "953": 32,
    "954": 32,
    "955": 32,
    "956": 33,
    "957": 33,
    "958": 33,
    "959": 33,
    "960": 33,
    "961": 33,
    "962": 33,
    "963": 33,
    "964": 33,
    "965": 33,
    "966": 33,
    "967": 33,
    "968": 33,
    "969": 33,
    "970": 33,
    "971": 33,
    "972": 33,
    "973": 33,
    "974": 33,
    "975": 33,
    "976": 33,
    "977": 33,
    "978": 34,
    "979": 34,
    "980": 34,
    "981": 34,
    "982": 34,
    "983": 34,
    "984": 34,
    "985": 34,
    "986": 34,
    "987": 34,
    "988": 34,
    "989": 34,
    "990": 34,
    "991": 34,
    "992": 34,
    "993": 34,
    "994": 34,
    "995": 34,
    "996": 34,
    "997": 34,
    "998": 34,
    "999": 34,
    "1000": 35,
    "1001": 35,
    "1002": 35,
    "1003": 35,
    "1004": 35,
    "1005": 35,
    "1006": 35,
    "1007": 35,
    "1008": 35,
    "1009": 35,
    "1010": 35,
    "1011": 35,
    "1012": 35,
    "1013": 35,
    "1014": 35,
    "1015": 35,
    "1016": 35,
    "1017": 35,
    "1018": 35,
    "1019": 35,
    "1020": 35,
    "1021": 35,
    "1022": 36,
    "1023": 36,
    "1024": 36,
    "1025": 36,
    "1026": 36,
    "1027": 36,
    "1028": 36,
    "1029": 36,
    "1030": 36,
    "1031": 36,
    "1032": 36,
    "1033": 36,
    "1034": 36,
    "1035": 36,
    "1036": 36,
    "1037": 36,
    "1038": 36,
    "1039": 36,
    "1040": 36,
    "1041": 36,
    "1042": 36,
    "1043": 36,
    "1044": 37,
    "1045": 37,
    "1046": 37,
    "1047": 37,
    "1048": 37,
    "1049": 37,
    "1050": 37,
    "1051": 37,
    "1052": 37,
    "1053": 37,
    "1054": 37,
    "1055": 37,
    "1056": 37,
    "1057": 37,
    "1058": 37,
    "1059": 37,
    "1060": 37,
    "1061": 37,
    "1062": 37,
    "1063": 37,
    "1064": 37,
    "1065": 38,
    "1066": 38,
    "1067": 38,
    "1068": 38,
    "1069": 38,
    "1070": 38,
    "1071": 38,
    "1072": 38,
    "1073": 38,
    "1074": 38,
    "1075": 38,
    "1076": 38,
    "1077": 38,
    "1078": 38,
    "1079": 38,
    "1080": 38,
    "1081": 38,
    "1082": 38,
    "1083": 38,
    "1084": 38,
    "1085": 38,
    "1086": 39,
    "1087": 39,
    "1088": 39,
    "1089": 39,
    "1090": 39,
    "1091": 39,
    "1092": 39,
    "1093": 39,
    "1094": 39,
    "1095": 39,
    "1096": 39,
    "1097": 39,
    "1098": 39,
    "1099": 39,
    "1100": 39,
    "1101": 39,
    "1102": 39,
    "1103": 39,
    "1104": 39,
    "1105": 39,
    "1106": 39,
    "1107": 40,
    "1108": 40,
    "1109": 40,
    "1110": 40,
    "1111": 40,
    "1112": 40,
    "1113": 40,
    "1114": 40,
    "1115": 40,
    "1116": 40,
    "1117": 40,
    "1118": 40,
    "1119": 40,
    "1120": 40,
    "1121": 40,
    "1122": 40,
    "1123": 40,
    "1124": 40,
    "1125": 40,
    "1126": 40,
    "1127": 41,
    "1128": 41,
    "1129": 41,
    "1130": 41,
    "1131": 41,
    "1132": 41,
    "1133": 41,
    "1134": 41,
    "1135": 41,
    "1136": 41,
    "1137": 41,
    "1138": 41,
    "1139": 41,
    "1140": 41,
    "1141": 41,
    "1142": 41,
    "1143": 41,
    "1144": 41,
    "1145": 41,
    "1146": 41,
    "1147": 42,
    "1148": 42,
    "1149": 42,
    "1150": 42,
    "1151": 42,
    "1152": 42,
    "1153": 42,
    "1154": 42,
    "1155": 42,
    "1156": 42,
    "1157": 42,
    "1158": 42,
    "1159": 42,
    "1160": 42,
    "1161": 42,
    "1162": 42,
    "1163": 42,
    "1164": 42,
    "1165": 42,
    "1166": 42,
    "1167": 43,
    "1168": 43,
    "1169": 43,
    "1170": 43,
    "1171": 43,
    "1172": 43,
    "1173": 43,
    "1174": 43,
    "1175": 43,
    "1176": 43,
    "1177": 43,
    "1178": 43,
    "1179": 43,
    "1180": 43,
    "1181": 43,
    "1182": 43,
    "1183": 43,
    "1184": 43,
    "1185": 43,
    "1186": 44,
    "1187": 44,
    "1188": 44,
    "1189": 44,
    "1190": 44,
    "1191": 44,
    "1192": 44,
    "1193": 44,
    "1194": 44,
    "1195": 44,
    "1196": 44,
    "1197": 44,
    "1198": 44,
    "1199": 44,
    "1200": 44,
    "1201": 44,
    "1202": 44,
    "1203": 44,
    "1204": 44,
    "1205": 45,
    "1206": 45,
    "1207": 45,
    "1208": 45,
    "1209": 45,
    "1210": 45,
    "1211": 45,
    "1212": 45,
    "1213": 45,
    "1214": 45,
    "1215": 45,
    "1216": 45,
    "1217": 45,
    "1218": 45,
    "1219": 45,
    "1220": 45,
    "1221": 45,
    "1222": 45,
    "1223": 46,
    "1224": 46,
    "1225": 46,
    "1226": 46,
    "1227": 46,
    "1228": 46,
    "1229": 46,
    "1230": 46,
    "1231": 46,
    "1232": 46,
    "1233": 46,
    "1234": 46,
    "1235": 46,
    "1236": 46,
    "1237": 46,
    "1238": 46,
    "1239": 46,
    "1240": 46,
    "1241": 47,
    "1242": 47,
    "1243": 47,
    "1244": 47,
    "1245": 47,
    "1246": 47,
    "1247": 47,
    "1248": 47,
    "1249": 47,
    "1250": 47,
    "1251": 47,
    "1252": 47,
    "1253": 47,
    "1254": 47,
    "1255": 47,
    "1256": 47,
    "1257": 47,
    "1258": 47,
    "1259": 48,
    "1260": 48,
    "1261": 48,
    "1262": 48,
    "1263": 48,
    "1264": 48,
    "1265": 48,
    "1266": 48,
    "1267": 48,
    "1268": 48,
    "1269": 48,
    "1270": 48,
    "1271": 48,
    "1272": 48,
    "1273": 48,
    "1274": 48,
    "1275": 48,
    "1276": 49,
    "1277": 49,
    "1278": 49,
    "1279": 49,
    "1280": 49,
    "1281": 49,
    "1282": 49,
    "1283": 49,
    "1284": 49,
    "1285": 49,
    "1286": 49,
    "1287": 49,
    "1288": 49,
    "1289": 49,
    "1290": 49,
    "1291": 49,
    "1292": 49,
    "1293": 50,
    "1294": 50,
    "1295": 50,
    "1296": 50,
    "1297": 50,
    "1298": 50,
    "1299": 50,
    "1300": 50,
    "1301": 50,
    "1302": 50,
    "1303": 50,
    "1304": 50,
    "1305": 50,
    "1306": 50,
    "1307": 50,
    "1308": 50,
    "1309": 50,
    "1310": 51,
    "1311": 51,
    "1312": 51,
    "1313": 51,
    "1314": 51,
    "1315": 51,
    "1316": 51,
    "1317": 51,
    "1318": 51,
    "1319": 51,
    "1320": 51,
    "1321": 51,
    "1322": 51,
    "1323": 51,
    "1324": 51,
    "1325": 51,
    "1326": 52,
    "1327": 52,
    "1328": 52,
    "1329": 52,
    "1330": 52,
    "1331": 52,
    "1332": 52,
    "1333": 52,
    "1334": 52,
    "1335": 52,
    "1336": 52,
    "1337": 52,
    "1338": 52,
    "1339": 52,
    "1340": 52,
    "1341": 52,
    "1342": 53,
    "1343": 53,
    "1344": 53,
    "1345": 53,
    "1346": 53,
    "1347": 53,
    "1348": 53,
    "1349": 53,
    "1350": 53,
    "1351": 53,
    "1352": 53,
    "1353": 53,
    "1354": 53,
    "1355": 53,
    "1356": 53,
    "1357": 54,
    "1358": 54,
    "1359": 54,
    "1360": 54,
    "1361": 54,
    "1362": 54,
    "1363": 54,
    "1364": 54,
    "1365": 54,
    "1366": 54,
    "1367": 54,
    "1368": 54,
    "1369": 54,
    "1370": 54,
    "1371": 54,
    "1372": 55
  }
}